extension,name,path,relative_path,size_bytes,size_human
.npz,seq_000000.npz,D:\47\472\New-Papers\GIS\Codes\data\sim\sequences\seq_000000.npz,data\sim\sequences\seq_000000.npz,29575102,28.21 MB
.npz,seq_000001.npz,D:\47\472\New-Papers\GIS\Codes\data\sim\sequences\seq_000001.npz,data\sim\sequences\seq_000001.npz,29575102,28.21 MB
.npz,seq_000002.npz,D:\47\472\New-Papers\GIS\Codes\data\sim\sequences\seq_000002.npz,data\sim\sequences\seq_000002.npz,29575102,28.21 MB
.npz,seq_000003.npz,D:\47\472\New-Papers\GIS\Codes\data\sim\sequences\seq_000003.npz,data\sim\sequences\seq_000003.npz,29575102,28.21 MB
.npz,seq_000004.npz,D:\47\472\New-Papers\GIS\Codes\data\sim\sequences\seq_000004.npz,data\sim\sequences\seq_000004.npz,29575102,28.21 MB
.npz,seq_000005.npz,D:\47\472\New-Papers\GIS\Codes\data\sim\sequences\seq_000005.npz,data\sim\sequences\seq_000005.npz,29575102,28.21 MB
.npz,seq_000006.npz,D:\47\472\New-Papers\GIS\Codes\data\sim\sequences\seq_000006.npz,data\sim\sequences\seq_000006.npz,29575102,28.21 MB
.npz,seq_000007.npz,D:\47\472\New-Papers\GIS\Codes\data\sim\sequences\seq_000007.npz,data\sim\sequences\seq_000007.npz,29575102,28.21 MB
.npz,seq_000008.npz,D:\47\472\New-Papers\GIS\Codes\data\sim\sequences\seq_000008.npz,data\sim\sequences\seq_000008.npz,29575102,28.21 MB
.npz,seq_000009.npz,D:\47\472\New-Papers\GIS\Codes\data\sim\sequences\seq_000009.npz,data\sim\sequences\seq_000009.npz,29575102,28.21 MB
.npz,seq_000010.npz,D:\47\472\New-Papers\GIS\Codes\data\sim\sequences\seq_000010.npz,data\sim\sequences\seq_000010.npz,29575102,28.21 MB
.npz,seq_000011.npz,D:\47\472\New-Papers\GIS\Codes\data\sim\sequences\seq_000011.npz,data\sim\sequences\seq_000011.npz,29575102,28.21 MB
.npz,seq_000012.npz,D:\47\472\New-Papers\GIS\Codes\data\sim\sequences\seq_000012.npz,data\sim\sequences\seq_000012.npz,29575102,28.21 MB
.npz,seq_000013.npz,D:\47\472\New-Papers\GIS\Codes\data\sim\sequences\seq_000013.npz,data\sim\sequences\seq_000013.npz,29575102,28.21 MB
.npz,seq_000014.npz,D:\47\472\New-Papers\GIS\Codes\data\sim\sequences\seq_000014.npz,data\sim\sequences\seq_000014.npz,29575102,28.21 MB
.npz,seq_000015.npz,D:\47\472\New-Papers\GIS\Codes\data\sim\sequences\seq_000015.npz,data\sim\sequences\seq_000015.npz,29575102,28.21 MB
.npz,seq_000016.npz,D:\47\472\New-Papers\GIS\Codes\data\sim\sequences\seq_000016.npz,data\sim\sequences\seq_000016.npz,29575102,28.21 MB
.npz,seq_000017.npz,D:\47\472\New-Papers\GIS\Codes\data\sim\sequences\seq_000017.npz,data\sim\sequences\seq_000017.npz,29575102,28.21 MB
.npz,seq_000018.npz,D:\47\472\New-Papers\GIS\Codes\data\sim\sequences\seq_000018.npz,data\sim\sequences\seq_000018.npz,29575102,28.21 MB
.npz,seq_000019.npz,D:\47\472\New-Papers\GIS\Codes\data\sim\sequences\seq_000019.npz,data\sim\sequences\seq_000019.npz,29575102,28.21 MB
.npz,seq_000020.npz,D:\47\472\New-Papers\GIS\Codes\data\sim\sequences\seq_000020.npz,data\sim\sequences\seq_000020.npz,29575102,28.21 MB
.npz,seq_000021.npz,D:\47\472\New-Papers\GIS\Codes\data\sim\sequences\seq_000021.npz,data\sim\sequences\seq_000021.npz,29575102,28.21 MB
.npz,seq_000022.npz,D:\47\472\New-Papers\GIS\Codes\data\sim\sequences\seq_000022.npz,data\sim\sequences\seq_000022.npz,29575102,28.21 MB
.npz,seq_000023.npz,D:\47\472\New-Papers\GIS\Codes\data\sim\sequences\seq_000023.npz,data\sim\sequences\seq_000023.npz,29575102,28.21 MB
.npz,seq_000024.npz,D:\47\472\New-Papers\GIS\Codes\data\sim\sequences\seq_000024.npz,data\sim\sequences\seq_000024.npz,29575102,28.21 MB
.npz,seq_000025.npz,D:\47\472\New-Papers\GIS\Codes\data\sim\sequences\seq_000025.npz,data\sim\sequences\seq_000025.npz,29575102,28.21 MB
.npz,seq_000026.npz,D:\47\472\New-Papers\GIS\Codes\data\sim\sequences\seq_000026.npz,data\sim\sequences\seq_000026.npz,29575102,28.21 MB
.npz,seq_000027.npz,D:\47\472\New-Papers\GIS\Codes\data\sim\sequences\seq_000027.npz,data\sim\sequences\seq_000027.npz,29575102,28.21 MB
.npz,seq_000028.npz,D:\47\472\New-Papers\GIS\Codes\data\sim\sequences\seq_000028.npz,data\sim\sequences\seq_000028.npz,29575102,28.21 MB
.npz,seq_000029.npz,D:\47\472\New-Papers\GIS\Codes\data\sim\sequences\seq_000029.npz,data\sim\sequences\seq_000029.npz,29575102,28.21 MB
.npz,seq_000030.npz,D:\47\472\New-Papers\GIS\Codes\data\sim\sequences\seq_000030.npz,data\sim\sequences\seq_000030.npz,29575102,28.21 MB
.npz,seq_000031.npz,D:\47\472\New-Papers\GIS\Codes\data\sim\sequences\seq_000031.npz,data\sim\sequences\seq_000031.npz,29575102,28.21 MB
.npz,seq_000032.npz,D:\47\472\New-Papers\GIS\Codes\data\sim\sequences\seq_000032.npz,data\sim\sequences\seq_000032.npz,29575102,28.21 MB
.npz,seq_000033.npz,D:\47\472\New-Papers\GIS\Codes\data\sim\sequences\seq_000033.npz,data\sim\sequences\seq_000033.npz,29575102,28.21 MB
.npz,seq_000034.npz,D:\47\472\New-Papers\GIS\Codes\data\sim\sequences\seq_000034.npz,data\sim\sequences\seq_000034.npz,29575102,28.21 MB
.npz,seq_000035.npz,D:\47\472\New-Papers\GIS\Codes\data\sim\sequences\seq_000035.npz,data\sim\sequences\seq_000035.npz,29575102,28.21 MB
.npz,seq_000036.npz,D:\47\472\New-Papers\GIS\Codes\data\sim\sequences\seq_000036.npz,data\sim\sequences\seq_000036.npz,29575102,28.21 MB
.npz,seq_000037.npz,D:\47\472\New-Papers\GIS\Codes\data\sim\sequences\seq_000037.npz,data\sim\sequences\seq_000037.npz,29575102,28.21 MB
.npz,seq_000038.npz,D:\47\472\New-Papers\GIS\Codes\data\sim\sequences\seq_000038.npz,data\sim\sequences\seq_000038.npz,29575102,28.21 MB
.npz,seq_000039.npz,D:\47\472\New-Papers\GIS\Codes\data\sim\sequences\seq_000039.npz,data\sim\sequences\seq_000039.npz,29575102,28.21 MB
.npz,seq_000040.npz,D:\47\472\New-Papers\GIS\Codes\data\sim\sequences\seq_000040.npz,data\sim\sequences\seq_000040.npz,29575102,28.21 MB
.npz,seq_000041.npz,D:\47\472\New-Papers\GIS\Codes\data\sim\sequences\seq_000041.npz,data\sim\sequences\seq_000041.npz,29575102,28.21 MB
.npz,seq_000042.npz,D:\47\472\New-Papers\GIS\Codes\data\sim\sequences\seq_000042.npz,data\sim\sequences\seq_000042.npz,29575102,28.21 MB
.npz,seq_000043.npz,D:\47\472\New-Papers\GIS\Codes\data\sim\sequences\seq_000043.npz,data\sim\sequences\seq_000043.npz,29575102,28.21 MB
.npz,seq_000044.npz,D:\47\472\New-Papers\GIS\Codes\data\sim\sequences\seq_000044.npz,data\sim\sequences\seq_000044.npz,29575102,28.21 MB
.npz,seq_000045.npz,D:\47\472\New-Papers\GIS\Codes\data\sim\sequences\seq_000045.npz,data\sim\sequences\seq_000045.npz,29575102,28.21 MB
.npz,seq_000046.npz,D:\47\472\New-Papers\GIS\Codes\data\sim\sequences\seq_000046.npz,data\sim\sequences\seq_000046.npz,29575102,28.21 MB
.npz,seq_000047.npz,D:\47\472\New-Papers\GIS\Codes\data\sim\sequences\seq_000047.npz,data\sim\sequences\seq_000047.npz,29575102,28.21 MB
.npz,seq_000048.npz,D:\47\472\New-Papers\GIS\Codes\data\sim\sequences\seq_000048.npz,data\sim\sequences\seq_000048.npz,29575102,28.21 MB
.npz,seq_000049.npz,D:\47\472\New-Papers\GIS\Codes\data\sim\sequences\seq_000049.npz,data\sim\sequences\seq_000049.npz,29575102,28.21 MB
.npz,seq_000050.npz,D:\47\472\New-Papers\GIS\Codes\data\sim\sequences\seq_000050.npz,data\sim\sequences\seq_000050.npz,29575102,28.21 MB
.npz,seq_000051.npz,D:\47\472\New-Papers\GIS\Codes\data\sim\sequences\seq_000051.npz,data\sim\sequences\seq_000051.npz,29575102,28.21 MB
.npz,seq_000052.npz,D:\47\472\New-Papers\GIS\Codes\data\sim\sequences\seq_000052.npz,data\sim\sequences\seq_000052.npz,29575102,28.21 MB
.npz,seq_000053.npz,D:\47\472\New-Papers\GIS\Codes\data\sim\sequences\seq_000053.npz,data\sim\sequences\seq_000053.npz,29575102,28.21 MB
.npz,seq_000054.npz,D:\47\472\New-Papers\GIS\Codes\data\sim\sequences\seq_000054.npz,data\sim\sequences\seq_000054.npz,29575102,28.21 MB
.npz,seq_000055.npz,D:\47\472\New-Papers\GIS\Codes\data\sim\sequences\seq_000055.npz,data\sim\sequences\seq_000055.npz,29575102,28.21 MB
.npz,seq_000056.npz,D:\47\472\New-Papers\GIS\Codes\data\sim\sequences\seq_000056.npz,data\sim\sequences\seq_000056.npz,29575102,28.21 MB
.npz,seq_000057.npz,D:\47\472\New-Papers\GIS\Codes\data\sim\sequences\seq_000057.npz,data\sim\sequences\seq_000057.npz,29575102,28.21 MB
.npz,seq_000058.npz,D:\47\472\New-Papers\GIS\Codes\data\sim\sequences\seq_000058.npz,data\sim\sequences\seq_000058.npz,29575102,28.21 MB
.npz,seq_000059.npz,D:\47\472\New-Papers\GIS\Codes\data\sim\sequences\seq_000059.npz,data\sim\sequences\seq_000059.npz,29575102,28.21 MB
.npz,seq_000060.npz,D:\47\472\New-Papers\GIS\Codes\data\sim\sequences\seq_000060.npz,data\sim\sequences\seq_000060.npz,29575102,28.21 MB
.npz,seq_000061.npz,D:\47\472\New-Papers\GIS\Codes\data\sim\sequences\seq_000061.npz,data\sim\sequences\seq_000061.npz,29575102,28.21 MB
.npz,seq_000062.npz,D:\47\472\New-Papers\GIS\Codes\data\sim\sequences\seq_000062.npz,data\sim\sequences\seq_000062.npz,29575102,28.21 MB
.npz,seq_000063.npz,D:\47\472\New-Papers\GIS\Codes\data\sim\sequences\seq_000063.npz,data\sim\sequences\seq_000063.npz,29575102,28.21 MB
.npz,seq_000064.npz,D:\47\472\New-Papers\GIS\Codes\data\sim\sequences\seq_000064.npz,data\sim\sequences\seq_000064.npz,29575102,28.21 MB
.npz,seq_000065.npz,D:\47\472\New-Papers\GIS\Codes\data\sim\sequences\seq_000065.npz,data\sim\sequences\seq_000065.npz,29575102,28.21 MB
.npz,seq_000066.npz,D:\47\472\New-Papers\GIS\Codes\data\sim\sequences\seq_000066.npz,data\sim\sequences\seq_000066.npz,29575102,28.21 MB
.npz,seq_000067.npz,D:\47\472\New-Papers\GIS\Codes\data\sim\sequences\seq_000067.npz,data\sim\sequences\seq_000067.npz,29575102,28.21 MB
.npz,seq_000068.npz,D:\47\472\New-Papers\GIS\Codes\data\sim\sequences\seq_000068.npz,data\sim\sequences\seq_000068.npz,29575102,28.21 MB
.npz,seq_000069.npz,D:\47\472\New-Papers\GIS\Codes\data\sim\sequences\seq_000069.npz,data\sim\sequences\seq_000069.npz,29575102,28.21 MB
.npz,seq_000070.npz,D:\47\472\New-Papers\GIS\Codes\data\sim\sequences\seq_000070.npz,data\sim\sequences\seq_000070.npz,29575102,28.21 MB
.npz,seq_000071.npz,D:\47\472\New-Papers\GIS\Codes\data\sim\sequences\seq_000071.npz,data\sim\sequences\seq_000071.npz,29575102,28.21 MB
.npz,seq_000072.npz,D:\47\472\New-Papers\GIS\Codes\data\sim\sequences\seq_000072.npz,data\sim\sequences\seq_000072.npz,29575102,28.21 MB
.npz,seq_000073.npz,D:\47\472\New-Papers\GIS\Codes\data\sim\sequences\seq_000073.npz,data\sim\sequences\seq_000073.npz,29575102,28.21 MB
.npz,seq_000074.npz,D:\47\472\New-Papers\GIS\Codes\data\sim\sequences\seq_000074.npz,data\sim\sequences\seq_000074.npz,29575102,28.21 MB
.npz,seq_000075.npz,D:\47\472\New-Papers\GIS\Codes\data\sim\sequences\seq_000075.npz,data\sim\sequences\seq_000075.npz,29575102,28.21 MB
.npz,seq_000076.npz,D:\47\472\New-Papers\GIS\Codes\data\sim\sequences\seq_000076.npz,data\sim\sequences\seq_000076.npz,29575102,28.21 MB
.npz,seq_000077.npz,D:\47\472\New-Papers\GIS\Codes\data\sim\sequences\seq_000077.npz,data\sim\sequences\seq_000077.npz,29575102,28.21 MB
.npz,seq_000078.npz,D:\47\472\New-Papers\GIS\Codes\data\sim\sequences\seq_000078.npz,data\sim\sequences\seq_000078.npz,29575102,28.21 MB
.npz,seq_000079.npz,D:\47\472\New-Papers\GIS\Codes\data\sim\sequences\seq_000079.npz,data\sim\sequences\seq_000079.npz,29575102,28.21 MB
.npz,seq_000080.npz,D:\47\472\New-Papers\GIS\Codes\data\sim\sequences\seq_000080.npz,data\sim\sequences\seq_000080.npz,29575102,28.21 MB
.npz,seq_000081.npz,D:\47\472\New-Papers\GIS\Codes\data\sim\sequences\seq_000081.npz,data\sim\sequences\seq_000081.npz,29575102,28.21 MB
.npz,seq_000082.npz,D:\47\472\New-Papers\GIS\Codes\data\sim\sequences\seq_000082.npz,data\sim\sequences\seq_000082.npz,29575102,28.21 MB
.npz,seq_000083.npz,D:\47\472\New-Papers\GIS\Codes\data\sim\sequences\seq_000083.npz,data\sim\sequences\seq_000083.npz,29575102,28.21 MB
.npz,seq_000084.npz,D:\47\472\New-Papers\GIS\Codes\data\sim\sequences\seq_000084.npz,data\sim\sequences\seq_000084.npz,29575102,28.21 MB
.npz,seq_000085.npz,D:\47\472\New-Papers\GIS\Codes\data\sim\sequences\seq_000085.npz,data\sim\sequences\seq_000085.npz,29575102,28.21 MB
.npz,seq_000086.npz,D:\47\472\New-Papers\GIS\Codes\data\sim\sequences\seq_000086.npz,data\sim\sequences\seq_000086.npz,29575102,28.21 MB
.npz,seq_000087.npz,D:\47\472\New-Papers\GIS\Codes\data\sim\sequences\seq_000087.npz,data\sim\sequences\seq_000087.npz,29575102,28.21 MB
.npz,seq_000088.npz,D:\47\472\New-Papers\GIS\Codes\data\sim\sequences\seq_000088.npz,data\sim\sequences\seq_000088.npz,29575102,28.21 MB
.npz,seq_000089.npz,D:\47\472\New-Papers\GIS\Codes\data\sim\sequences\seq_000089.npz,data\sim\sequences\seq_000089.npz,29575102,28.21 MB
.npz,seq_000090.npz,D:\47\472\New-Papers\GIS\Codes\data\sim\sequences\seq_000090.npz,data\sim\sequences\seq_000090.npz,29575102,28.21 MB
.npz,seq_000091.npz,D:\47\472\New-Papers\GIS\Codes\data\sim\sequences\seq_000091.npz,data\sim\sequences\seq_000091.npz,29575102,28.21 MB
.npz,seq_000092.npz,D:\47\472\New-Papers\GIS\Codes\data\sim\sequences\seq_000092.npz,data\sim\sequences\seq_000092.npz,29575102,28.21 MB
.npz,seq_000093.npz,D:\47\472\New-Papers\GIS\Codes\data\sim\sequences\seq_000093.npz,data\sim\sequences\seq_000093.npz,29575102,28.21 MB
.npz,seq_000094.npz,D:\47\472\New-Papers\GIS\Codes\data\sim\sequences\seq_000094.npz,data\sim\sequences\seq_000094.npz,29575102,28.21 MB
.npz,seq_000095.npz,D:\47\472\New-Papers\GIS\Codes\data\sim\sequences\seq_000095.npz,data\sim\sequences\seq_000095.npz,29575102,28.21 MB
.npz,seq_000096.npz,D:\47\472\New-Papers\GIS\Codes\data\sim\sequences\seq_000096.npz,data\sim\sequences\seq_000096.npz,29575102,28.21 MB
.npz,seq_000097.npz,D:\47\472\New-Papers\GIS\Codes\data\sim\sequences\seq_000097.npz,data\sim\sequences\seq_000097.npz,29575102,28.21 MB
.npz,seq_000098.npz,D:\47\472\New-Papers\GIS\Codes\data\sim\sequences\seq_000098.npz,data\sim\sequences\seq_000098.npz,29575102,28.21 MB
.npz,seq_000099.npz,D:\47\472\New-Papers\GIS\Codes\data\sim\sequences\seq_000099.npz,data\sim\sequences\seq_000099.npz,29575102,28.21 MB
